/*
SQLyog Ultimate v12.5.0 (64 bit)
MySQL - 10.1.21-MariaDB : Database - vrhr_snir
*********************************************************************
*/

/*!40101 SET NAMES utf8 */;

/*!40101 SET SQL_MODE=''*/;

/*!40014 SET @OLD_UNIQUE_CHECKS=@@UNIQUE_CHECKS, UNIQUE_CHECKS=0 */;
/*!40014 SET @OLD_FOREIGN_KEY_CHECKS=@@FOREIGN_KEY_CHECKS, FOREIGN_KEY_CHECKS=0 */;
/*!40101 SET @OLD_SQL_MODE=@@SQL_MODE, SQL_MODE='NO_AUTO_VALUE_ON_ZERO' */;
/*!40111 SET @OLD_SQL_NOTES=@@SQL_NOTES, SQL_NOTES=0 */;
/*Table structure for table `core_catalogo_modulo_tecnicos` */

DROP TABLE IF EXISTS `core_catalogo_modulo_tecnicos`;

CREATE TABLE `core_catalogo_modulo_tecnicos` (
  `itemId` int(11) NOT NULL AUTO_INCREMENT COMMENT 'llave',
  `nombre` varchar(255) DEFAULT NULL COMMENT 'Nombre',
  `dbNombre` varchar(255) DEFAULT NULL,
  `tablaRef` varchar(255) DEFAULT NULL COMMENT 'Tabla de referencia',
  `dateCreate` datetime DEFAULT NULL COMMENT 'Fecha de Creación',
  `dateUpdate` datetime DEFAULT NULL COMMENT 'Fecha de actualización',
  `userCreate` tinyint(1) DEFAULT NULL COMMENT 'usuario creador',
  `userUpdate` tinyint(1) DEFAULT NULL COMMENT 'usuario actualizador',
  PRIMARY KEY (`itemId`)
) ENGINE=InnoDB DEFAULT CHARSET=utf8;

/*Data for the table `core_catalogo_modulo_tecnicos` */

/*Table structure for table `core_grupo` */

DROP TABLE IF EXISTS `core_grupo`;

CREATE TABLE `core_grupo` (
  `itemId` int(11) NOT NULL AUTO_INCREMENT COMMENT 'Llave',
  `nombre` varchar(255) DEFAULT NULL COMMENT 'Nombre',
  `descripcion` varchar(255) DEFAULT NULL COMMENT 'Descripcion',
  `dateCreate` datetime DEFAULT NULL COMMENT 'Fecha de creación',
  `dateUpdate` datetime DEFAULT NULL COMMENT 'Fecha de actualización',
  `userCreate` int(11) DEFAULT NULL COMMENT 'Usuario creador',
  `userUpdate` int(11) DEFAULT NULL COMMENT 'Usuario actualizador',
  PRIMARY KEY (`itemId`)
) ENGINE=InnoDB AUTO_INCREMENT=21 DEFAULT CHARSET=utf8 COMMENT='Grupo pre configurado de permisos';

/*Data for the table `core_grupo` */

insert  into `core_grupo`(`itemId`,`nombre`,`descripcion`,`dateCreate`,`dateUpdate`,`userCreate`,`userUpdate`) values 
(1,'SETH-GARANTIA','Nivel de verificacion de Seth Solution','2014-08-13 10:36:51','2014-12-04 15:12:40',1,1),
(2,'SENARI','Servicio Nacional de Riego','2014-08-14 15:18:21','2014-08-14 15:18:21',1,1),
(4,'VRHR','Viceministerio de Recursos Hidricos y Riego','2014-09-24 18:39:15','2014-12-10 09:12:46',1,1),
(6,'VRHR-Evaluacion','Usuarios  de Evaluaciones','2014-10-18 12:35:26','2014-12-04 14:12:45',1,1),
(7,'CAPACITACION','','2014-12-02 16:14:59','2014-12-02 16:14:59',31,31),
(8,'MMAyA-DGP-UTP','Unidad Técnica de Presas','2014-12-04 10:59:30','2017-05-29 14:05:13',1,1),
(9,'PRONAREC','PRONAREC','2014-12-04 11:10:44','2014-12-04 11:10:44',1,1),
(10,'UCP-CAF','UCP-CAF','2014-12-04 14:22:33','2014-12-04 14:22:33',1,1),
(11,'VRHR-SIG','VRHR-SIG','2014-12-04 14:40:15','2014-12-04 14:40:15',1,1),
(12,'VRHR-DGR','VRHR-DGR','2014-12-04 14:56:34','2014-12-04 14:56:34',1,1),
(13,'UCP-SIRIC','UCP SIRIC','2014-12-04 15:19:57','2014-12-04 15:19:57',1,1),
(14,'VRHR-PARC','VRHR PARC','2014-12-04 15:36:19','2014-12-04 15:36:19',1,1),
(15,'UCP-CAF-LEGAL','Area legal','2014-12-08 10:20:19','2014-12-08 10:20:19',1,1),
(16,'PRONAREC-LEGAL','Area legal','2014-12-08 10:23:08','2014-12-08 10:23:08',1,1),
(17,'PRUEBA VICTOR','PRUEBA DE REGISTRO','2015-03-30 11:36:53','2015-03-30 11:36:53',31,31),
(18,'MMAyA-DGP-UTP-Tecnicos','Técnicos de la UTP','2017-10-20 10:27:18','2017-10-20 10:27:18',1,1),
(19,'MMAyA.Sistemas','Sistemas','2018-02-23 11:23:51','2018-02-23 11:23:51',1,1),
(20,'MMAyA Empadronamiento','Empadronamiento de personal','2018-02-28 15:54:09','2018-03-07 17:03:24',1,1);

/*Table structure for table `core_grupo_permisos` */

DROP TABLE IF EXISTS `core_grupo_permisos`;

CREATE TABLE `core_grupo_permisos` (
  `grupoId` int(11) NOT NULL COMMENT 'Tabla: core_usuario',
  `subModuloId` int(11) NOT NULL COMMENT 'Tabla: core_submodulo',
  `tipo` tinyint(4) DEFAULT '0' COMMENT '0: Submodulos;2:Titulos de Submodulos',
  `crear` tinyint(1) DEFAULT '1' COMMENT '1:permitir; 0:no permitir;',
  `editar` tinyint(1) DEFAULT '1' COMMENT '1:permitir; 0:no permitir;',
  `eliminar` tinyint(1) DEFAULT '1' COMMENT '1:permitir; 0:no permitir;',
  `dateCreate` datetime DEFAULT NULL COMMENT 'Fecha de Creación',
  `dateUpdate` datetime DEFAULT NULL COMMENT 'Fecha de Actualización',
  `userCreate` int(11) DEFAULT NULL COMMENT 'Usuario Creador',
  `userUpdate` int(11) DEFAULT NULL COMMENT 'Usuario Actualizador',
  PRIMARY KEY (`subModuloId`,`grupoId`),
  KEY `fk_core_user_privileges_submodule1_idx` (`subModuloId`),
  KEY `fk_core_grupo_permisos_core_grupo1_idx` (`grupoId`),
  CONSTRAINT `fk_core_grupo_permisos_core_grupo1` FOREIGN KEY (`grupoId`) REFERENCES `core_grupo` (`itemId`) ON DELETE NO ACTION ON UPDATE NO ACTION,
  CONSTRAINT `fk_core_grupo_permisos_core_submodulo1` FOREIGN KEY (`subModuloId`) REFERENCES `core_submodulo` (`itemId`) ON DELETE NO ACTION ON UPDATE NO ACTION
) ENGINE=InnoDB DEFAULT CHARSET=utf8 COMMENT='Permisos del grupo';

/*Data for the table `core_grupo_permisos` */

insert  into `core_grupo_permisos`(`grupoId`,`subModuloId`,`tipo`,`crear`,`editar`,`eliminar`,`dateCreate`,`dateUpdate`,`userCreate`,`userUpdate`) values 
(6,1,2,1,1,1,'2014-10-18 12:37:20','2014-10-18 12:37:20',1,1),
(1,6,2,1,1,1,'2014-08-13 10:38:05','2014-08-13 10:38:05',1,1),
(4,6,2,1,1,1,'2014-12-10 09:23:30','2014-12-10 09:23:30',1,1),
(7,6,2,1,1,1,'2014-12-02 16:19:10','2014-12-02 16:19:10',1,1),
(9,6,2,1,1,1,'2014-12-04 11:11:32','2014-12-04 11:11:32',1,1),
(11,6,2,1,1,1,'2014-12-04 14:43:30','2014-12-04 14:43:30',1,1),
(1,7,0,1,1,1,'2014-08-13 10:38:05','2014-08-13 10:38:05',1,1),
(4,7,0,1,1,1,'2014-12-10 09:23:30','2014-12-10 09:23:30',1,1),
(7,7,0,1,1,1,'2014-12-02 16:19:10','2014-12-02 16:19:10',1,1),
(9,7,0,1,1,0,'2014-12-04 11:11:32','2014-12-04 11:11:32',1,1),
(1,8,2,1,1,1,'2014-08-13 17:26:21','2014-08-13 17:26:21',6,6),
(4,8,2,1,1,1,'2014-12-10 09:23:31','2014-12-10 09:23:31',1,1),
(6,8,2,1,1,1,'2014-12-04 14:09:10','2014-12-04 14:09:10',1,1),
(7,8,2,1,1,1,'2014-12-02 16:19:10','2014-12-02 16:19:10',1,1),
(4,9,2,1,1,1,'2014-12-10 09:25:36','2014-12-10 09:25:36',1,1),
(6,9,2,1,1,1,'2014-10-18 12:37:20','2014-10-18 12:37:20',1,1),
(8,9,2,1,1,1,'2014-12-10 15:18:55','2014-12-10 15:18:55',1,1),
(9,9,2,1,1,1,'2014-12-04 16:27:16','2014-12-04 16:27:16',1,1),
(15,9,2,1,1,1,'2014-12-08 10:21:01','2014-12-08 10:21:01',1,1),
(16,9,2,1,1,1,'2014-12-08 10:23:32','2014-12-08 10:23:32',1,1),
(17,9,2,1,1,1,'2015-03-30 12:04:20','2015-03-30 12:04:20',31,31),
(18,9,2,1,1,1,'2017-10-20 10:30:34','2017-10-20 10:30:34',1,1),
(19,9,2,1,1,1,'2018-02-23 11:24:30','2018-02-23 11:24:30',1,1),
(20,9,2,1,1,1,'2018-02-28 15:54:41','2018-02-28 15:54:41',1,1),
(17,11,0,0,0,1,'2015-03-30 12:04:20','2015-03-30 12:04:20',31,31),
(1,12,0,1,1,1,'2014-08-13 10:38:05','2014-08-13 10:38:05',1,1),
(4,12,0,1,1,1,'2014-12-10 09:23:30','2014-12-10 09:23:30',1,1),
(7,12,0,1,1,1,'2014-12-02 16:19:10','2014-12-02 16:19:10',1,1),
(9,12,0,1,1,0,'2014-12-04 11:11:32','2014-12-04 11:11:32',1,1),
(1,13,0,1,1,1,'2014-08-13 17:26:20','2014-08-13 17:26:20',6,6),
(4,13,0,1,1,1,'2014-12-10 09:23:30','2014-12-10 09:23:30',1,1),
(6,13,0,1,1,1,'2014-12-04 14:09:10','2014-12-04 14:09:10',1,1),
(7,13,0,1,1,1,'2014-12-02 16:19:10','2014-12-02 16:19:10',1,1),
(15,14,0,1,1,1,'2014-12-08 10:22:32','2014-12-08 10:22:32',1,1),
(16,14,0,1,1,1,'2014-12-08 10:23:45','2014-12-08 10:23:45',1,1),
(1,17,2,1,1,1,'2014-08-13 17:26:20','2014-08-13 17:26:20',6,6),
(4,17,2,1,1,1,'2014-12-10 09:23:31','2014-12-10 09:23:31',1,1),
(7,17,2,1,1,1,'2014-12-02 16:19:10','2014-12-02 16:19:10',1,1),
(9,17,2,1,1,1,'2014-12-04 11:11:33','2014-12-04 11:11:33',1,1),
(10,17,2,1,1,1,'2014-12-04 14:29:40','2014-12-04 14:29:40',1,1),
(11,17,2,1,1,1,'2014-12-04 14:43:30','2014-12-04 14:43:30',1,1),
(12,17,2,1,1,1,'2014-12-04 14:56:52','2014-12-04 14:56:52',1,1),
(13,17,2,1,1,1,'2014-12-04 15:20:16','2014-12-04 15:20:16',1,1),
(14,17,2,1,1,1,'2014-12-04 15:36:53','2014-12-04 15:36:53',1,1),
(1,18,0,1,1,1,'2014-08-13 10:38:05','2014-08-13 10:38:05',1,1),
(4,18,0,1,1,1,'2014-12-10 09:23:30','2014-12-10 09:23:30',1,1),
(7,18,0,1,1,1,'2014-12-02 16:19:10','2014-12-02 16:19:10',1,1),
(9,18,0,1,1,0,'2014-12-04 11:11:32','2014-12-04 11:11:32',1,1),
(1,23,2,1,1,1,'2014-08-13 17:25:30','2014-08-13 17:25:30',6,6),
(1,24,0,1,1,1,'2014-08-13 17:25:29','2014-08-13 17:25:29',6,6),
(1,30,0,1,1,1,'2014-08-13 10:38:05','2014-08-13 10:38:05',1,1),
(4,30,0,1,1,1,'2014-12-10 09:23:30','2014-12-10 09:23:30',1,1),
(7,30,0,1,1,1,'2014-12-02 16:19:10','2014-12-02 16:19:10',1,1),
(9,30,0,1,1,0,'2014-12-04 11:11:32','2014-12-04 11:11:32',1,1),
(15,31,0,1,1,1,'2014-12-08 10:22:32','2014-12-08 10:22:32',1,1),
(16,31,0,1,1,1,'2014-12-08 10:23:45','2014-12-08 10:23:45',1,1),
(1,32,0,1,1,1,'2014-08-13 17:26:20','2014-08-13 17:26:20',6,6),
(4,32,0,1,1,1,'2014-12-10 09:23:30','2014-12-10 09:23:30',1,1),
(7,32,0,1,1,1,'2014-12-02 16:19:10','2014-12-02 16:19:10',1,1),
(9,32,0,1,1,0,'2014-12-04 11:11:32','2014-12-04 11:11:32',1,1),
(10,32,0,1,1,1,'2014-12-04 14:29:40','2014-12-04 14:29:40',1,1),
(12,32,0,1,1,1,'2014-12-04 14:56:52','2014-12-04 14:56:52',1,1),
(13,32,0,1,1,1,'2014-12-04 15:20:16','2014-12-04 15:20:16',1,1),
(14,32,0,1,1,1,'2014-12-04 15:36:53','2014-12-04 15:36:53',1,1),
(1,33,2,1,1,1,'2014-08-13 17:26:21','2014-08-13 17:26:21',6,6),
(9,33,2,1,1,1,'2015-02-19 16:00:15','2015-02-19 16:00:15',8,8),
(15,33,2,1,1,1,'2014-12-08 10:22:32','2014-12-08 10:22:32',1,1),
(16,33,2,1,1,1,'2014-12-08 10:23:45','2014-12-08 10:23:45',1,1),
(9,34,0,1,1,0,'2015-02-19 16:14:59','2015-02-19 16:14:59',8,8),
(1,35,0,1,1,1,'2014-08-13 17:26:20','2014-08-13 17:26:20',6,6),
(4,35,0,1,1,1,'2014-12-10 09:23:30','2014-12-10 09:23:30',1,1),
(6,35,0,1,1,1,'2014-12-04 14:09:10','2014-12-04 14:09:10',1,1),
(7,35,0,1,1,1,'2014-12-02 16:19:10','2014-12-02 16:19:10',1,1),
(1,36,0,1,1,1,'2014-08-13 17:26:20','2014-08-13 17:26:20',6,6),
(4,36,0,1,1,1,'2014-12-10 09:23:30','2014-12-10 09:23:30',1,1),
(6,36,0,1,1,1,'2014-12-04 14:09:10','2014-12-04 14:09:10',1,1),
(7,36,0,1,1,1,'2014-12-02 16:19:10','2014-12-02 16:19:10',1,1),
(1,37,0,1,1,1,'2014-08-13 17:26:20','2014-08-13 17:26:20',6,6),
(4,37,0,1,1,1,'2014-12-10 09:23:30','2014-12-10 09:23:30',1,1),
(6,37,0,1,1,1,'2014-12-04 14:09:10','2014-12-04 14:09:10',1,1),
(7,37,0,1,1,1,'2014-12-02 16:19:10','2014-12-02 16:19:10',1,1),
(1,39,0,1,1,1,'2014-08-13 17:26:20','2014-08-13 17:26:20',6,6),
(9,39,0,1,1,0,'2015-02-19 16:14:59','2015-02-19 16:14:59',8,8),
(1,40,0,1,1,1,'2014-08-13 17:25:29','2014-08-13 17:25:29',6,6),
(7,53,2,1,1,1,'2014-12-02 16:19:10','2014-12-02 16:19:10',1,1),
(17,53,2,1,1,1,'2015-03-30 12:04:20','2015-03-30 12:04:20',31,31),
(7,55,0,1,1,1,'2014-12-02 16:19:10','2014-12-02 16:19:10',1,1),
(17,55,0,1,1,1,'2015-03-30 12:04:20','2015-03-30 12:04:20',31,31),
(1,56,2,1,1,1,'2014-08-13 17:25:29','2014-08-13 17:25:29',6,6),
(4,56,2,1,1,1,'2014-12-10 09:24:29','2014-12-10 09:24:29',1,1),
(7,56,2,1,1,1,'2014-12-02 16:19:10','2014-12-02 16:19:10',1,1),
(9,56,2,1,1,1,'2014-12-04 11:12:09','2014-12-04 11:12:09',1,1),
(11,56,2,1,1,1,'2014-12-04 14:42:55','2014-12-04 14:42:55',1,1),
(12,56,2,1,1,1,'2014-12-04 14:57:09','2014-12-04 14:57:09',1,1),
(1,57,0,1,1,1,'2014-08-13 17:25:29','2014-08-13 17:25:29',6,6),
(4,57,0,1,1,1,'2014-12-10 09:24:29','2014-12-10 09:24:29',1,1),
(7,57,0,1,1,1,'2014-12-02 16:19:10','2014-12-02 16:19:10',1,1),
(9,57,0,1,1,0,'2014-12-05 09:54:49','2014-12-05 09:54:49',1,1),
(1,58,0,1,1,1,'2014-08-13 17:25:29','2014-08-13 17:25:29',6,6),
(4,58,0,1,1,1,'2014-12-10 09:24:29','2014-12-10 09:24:29',1,1),
(7,58,0,1,1,1,'2014-12-02 16:19:10','2014-12-02 16:19:10',1,1),
(9,58,0,1,1,0,'2014-12-05 09:54:49','2014-12-05 09:54:49',1,1),
(12,58,0,1,1,1,'2014-12-04 14:57:09','2014-12-04 14:57:09',1,1),
(1,59,0,1,1,1,'2014-08-13 17:25:29','2014-08-13 17:25:29',6,6),
(4,59,0,1,1,1,'2014-12-10 09:24:29','2014-12-10 09:24:29',1,1),
(7,59,0,1,1,1,'2014-12-02 16:19:10','2014-12-02 16:19:10',1,1),
(9,59,0,1,1,0,'2014-12-05 09:54:49','2014-12-05 09:54:49',1,1),
(12,59,0,1,1,1,'2014-12-04 14:57:09','2014-12-04 14:57:09',1,1),
(1,60,2,1,1,1,'2014-09-23 10:49:19','2014-09-23 10:49:19',8,8),
(2,60,2,1,1,1,'2014-08-14 15:19:06','2014-08-14 15:19:06',1,1),
(7,60,2,1,1,1,'2014-12-02 16:19:10','2014-12-02 16:19:10',1,1),
(9,60,2,1,1,1,'2014-12-05 09:48:46','2014-12-05 09:48:46',1,1),
(11,60,2,1,1,1,'2014-12-04 14:42:55','2014-12-04 14:42:55',1,1),
(1,61,0,1,1,1,'2014-09-23 10:49:19','2014-09-23 10:49:19',8,8),
(2,61,0,1,1,1,'2014-08-14 15:19:06','2014-08-14 15:19:06',1,1),
(7,61,0,1,1,1,'2014-12-02 16:19:10','2014-12-02 16:19:10',1,1),
(1,62,0,1,1,1,'2014-09-23 10:49:19','2014-09-23 10:49:19',8,8),
(2,62,0,1,1,1,'2014-08-14 15:19:06','2014-08-14 15:19:06',1,1),
(7,62,0,1,1,1,'2014-12-02 16:19:10','2014-12-02 16:19:10',1,1),
(1,63,2,1,1,1,'2014-09-23 11:08:24','2014-09-23 11:08:24',8,8),
(7,63,2,1,1,1,'2014-12-02 16:19:10','2014-12-02 16:19:10',1,1),
(1,64,0,1,1,1,'2014-09-23 11:08:24','2014-09-23 11:08:24',8,8),
(7,64,0,1,1,1,'2014-12-02 16:19:10','2014-12-02 16:19:10',1,1),
(1,65,0,1,1,1,'2014-09-23 11:08:24','2014-09-23 11:08:24',8,8),
(7,65,0,1,1,1,'2014-12-02 16:19:10','2014-12-02 16:19:10',1,1),
(1,67,0,1,1,1,'2014-08-13 17:26:20','2014-08-13 17:26:20',6,6),
(4,67,0,1,1,1,'2014-12-10 09:23:30','2014-12-10 09:23:30',1,1),
(7,67,0,1,1,1,'2014-12-02 16:19:10','2014-12-02 16:19:10',1,1),
(9,67,0,1,1,0,'2014-12-04 11:11:32','2014-12-04 11:11:32',1,1),
(10,67,0,1,1,1,'2014-12-04 14:29:40','2014-12-04 14:29:40',1,1),
(12,67,0,1,1,1,'2014-12-04 14:56:52','2014-12-04 14:56:52',1,1),
(13,67,0,1,1,1,'2014-12-04 15:20:16','2014-12-04 15:20:16',1,1),
(14,67,0,1,1,1,'2014-12-04 15:36:53','2014-12-04 15:36:53',1,1),
(1,70,0,1,1,1,'2014-09-23 11:08:24','2014-09-23 11:08:24',8,8),
(4,73,0,1,1,1,'2014-12-10 09:25:36','2014-12-10 09:25:36',1,1),
(8,73,0,1,1,1,'2014-12-10 15:18:55','2014-12-10 15:18:55',1,1),
(9,73,0,1,1,0,'2014-12-05 09:53:27','2014-12-05 09:53:27',1,1),
(15,73,0,1,1,1,'2014-12-08 10:21:01','2014-12-08 10:21:01',1,1),
(16,73,0,1,1,1,'2014-12-08 10:23:32','2014-12-08 10:23:32',1,1),
(17,73,0,1,1,1,'2015-03-30 13:31:11','2015-03-30 13:31:11',31,31),
(18,73,0,1,1,1,'2017-10-20 10:30:34','2017-10-20 10:30:34',1,1),
(19,73,0,1,1,1,'2018-02-23 11:24:30','2018-02-23 11:24:30',1,1),
(20,73,0,1,1,1,'2018-02-28 15:54:41','2018-02-28 15:54:41',1,1),
(1,78,0,1,1,1,'2014-08-13 17:26:20','2014-08-13 17:26:20',6,6),
(4,78,0,1,1,1,'2014-12-10 09:23:30','2014-12-10 09:23:30',1,1),
(7,78,0,1,1,1,'2014-12-02 16:19:10','2014-12-02 16:19:10',1,1),
(9,78,0,1,1,0,'2014-12-04 11:11:32','2014-12-04 11:11:32',1,1),
(10,78,0,1,1,1,'2014-12-04 14:29:40','2014-12-04 14:29:40',1,1),
(12,78,0,1,1,1,'2014-12-04 14:56:52','2014-12-04 14:56:52',1,1),
(13,78,0,1,1,1,'2014-12-04 15:20:16','2014-12-04 15:20:16',1,1),
(14,78,0,1,1,1,'2014-12-04 15:36:53','2014-12-04 15:36:53',1,1),
(1,79,0,1,1,1,'2014-08-13 17:26:20','2014-08-13 17:26:20',6,6),
(4,79,0,1,1,1,'2014-12-10 09:23:30','2014-12-10 09:23:30',1,1),
(7,79,0,1,1,1,'2014-12-02 16:19:10','2014-12-02 16:19:10',1,1),
(9,79,0,1,1,0,'2014-12-04 11:11:32','2014-12-04 11:11:32',1,1),
(10,79,0,1,1,1,'2014-12-04 14:29:40','2014-12-04 14:29:40',1,1),
(12,79,0,1,1,1,'2014-12-04 14:56:52','2014-12-04 14:56:52',1,1),
(13,79,0,1,1,1,'2014-12-04 15:20:16','2014-12-04 15:20:16',1,1),
(14,79,0,1,1,1,'2014-12-04 15:36:53','2014-12-04 15:36:53',1,1),
(17,81,0,1,1,1,'2015-03-30 13:31:11','2015-03-30 13:31:11',31,31),
(7,82,2,1,1,1,'2014-12-02 16:19:10','2014-12-02 16:19:10',1,1),
(7,83,0,1,1,1,'2014-12-02 16:19:10','2014-12-02 16:19:10',1,1),
(1,85,0,1,1,1,'2014-08-13 17:26:20','2014-08-13 17:26:20',6,6),
(4,85,0,1,1,1,'2014-12-10 09:23:30','2014-12-10 09:23:30',1,1),
(7,85,0,1,1,1,'2014-12-02 16:19:10','2014-12-02 16:19:10',1,1),
(9,85,0,1,1,0,'2014-12-04 11:11:32','2014-12-04 11:11:32',1,1),
(10,85,0,1,1,1,'2014-12-04 14:29:40','2014-12-04 14:29:40',1,1),
(11,85,0,1,1,1,'2014-12-04 14:43:30','2014-12-04 14:43:30',1,1),
(12,85,0,1,1,1,'2014-12-04 14:56:52','2014-12-04 14:56:52',1,1),
(13,85,0,1,1,1,'2014-12-04 15:20:16','2014-12-04 15:20:16',1,1),
(14,85,0,1,1,1,'2014-12-04 15:36:53','2014-12-04 15:36:53',1,1),
(1,86,2,1,1,1,'2014-09-23 11:08:24','2014-09-23 11:08:24',8,8),
(7,86,2,1,1,1,'2014-12-02 16:19:10','2014-12-02 16:19:10',1,1),
(17,86,2,1,1,1,'2015-03-30 12:04:20','2015-03-30 12:04:20',31,31),
(1,87,0,1,1,1,'2014-09-23 11:08:24','2014-09-23 11:08:24',8,8),
(7,87,0,1,1,1,'2014-12-02 16:19:10','2014-12-02 16:19:10',1,1),
(17,87,0,1,1,1,'2015-03-30 12:04:20','2015-03-30 12:04:20',31,31),
(1,88,0,1,1,1,'2014-09-23 10:49:19','2014-09-23 10:49:19',8,8),
(2,88,0,1,1,1,'2014-12-04 09:32:28','2014-12-04 09:32:28',1,1),
(7,88,0,1,1,1,'2014-12-02 16:19:10','2014-12-02 16:19:10',1,1),
(4,89,0,1,1,1,'2014-12-10 09:23:30','2014-12-10 09:23:30',1,1),
(7,89,0,1,1,1,'2014-12-02 16:19:10','2014-12-02 16:19:10',1,1),
(9,89,0,1,1,0,'2014-12-04 11:11:32','2014-12-04 11:11:32',1,1),
(4,90,0,1,1,1,'2014-12-10 09:23:30','2014-12-10 09:23:30',1,1),
(7,90,0,1,1,1,'2014-12-02 16:19:10','2014-12-02 16:19:10',1,1),
(9,90,0,1,1,0,'2014-12-04 11:11:32','2014-12-04 11:11:32',1,1),
(4,92,0,1,1,1,'2014-12-10 09:23:30','2014-12-10 09:23:30',1,1),
(6,92,0,1,1,1,'2014-12-04 14:09:10','2014-12-04 14:09:10',1,1),
(7,92,0,1,1,1,'2014-12-02 16:19:10','2014-12-02 16:19:10',1,1),
(1,95,2,1,1,1,'2014-09-23 10:49:19','2014-09-23 10:49:19',8,8),
(4,95,2,1,1,1,'2014-12-10 09:24:29','2014-12-10 09:24:29',1,1),
(7,95,2,1,1,1,'2014-12-02 16:19:10','2014-12-02 16:19:10',1,1),
(8,95,2,1,1,1,'2014-12-04 11:00:12','2014-12-04 11:00:12',1,1),
(11,95,2,1,1,1,'2014-12-04 14:42:55','2014-12-04 14:42:55',1,1),
(18,95,2,1,1,1,'2017-10-20 10:35:24','2017-10-20 10:35:24',1,1),
(1,96,0,1,1,1,'2014-09-23 10:49:19','2014-09-23 10:49:19',8,8),
(4,96,0,1,1,1,'2014-12-10 09:24:29','2014-12-10 09:24:29',1,1),
(7,96,0,1,1,1,'2014-12-02 16:19:10','2014-12-02 16:19:10',1,1),
(8,96,0,1,1,1,'2014-12-04 11:00:12','2014-12-04 11:00:12',1,1),
(18,96,0,1,1,1,'2017-10-20 10:35:24','2017-10-20 10:35:24',1,1),
(1,97,0,1,1,1,'2014-09-23 10:49:19','2014-09-23 10:49:19',8,8),
(4,97,0,1,1,1,'2014-12-10 09:24:29','2014-12-10 09:24:29',1,1),
(7,97,0,1,1,1,'2014-12-02 16:19:10','2014-12-02 16:19:10',1,1),
(8,97,0,1,1,1,'2014-12-04 11:00:12','2014-12-04 11:00:12',1,1),
(1,98,0,1,1,1,'2014-09-23 10:49:19','2014-09-23 10:49:19',8,8),
(4,98,0,1,1,1,'2014-12-10 09:24:29','2014-12-10 09:24:29',1,1),
(7,98,0,1,1,1,'2014-12-02 16:19:10','2014-12-02 16:19:10',1,1),
(8,98,0,1,1,1,'2014-12-04 11:00:12','2014-12-04 11:00:12',1,1),
(1,99,2,1,1,1,'2014-09-23 11:08:24','2014-09-23 11:08:24',8,8),
(4,99,2,1,1,1,'2014-12-10 09:24:29','2014-12-10 09:24:29',1,1),
(7,99,2,1,1,1,'2014-12-02 16:19:10','2014-12-02 16:19:10',1,1),
(11,99,2,1,1,1,'2014-12-04 14:42:55','2014-12-04 14:42:55',1,1),
(1,100,0,1,1,1,'2014-09-23 11:08:24','2014-09-23 11:08:24',8,8),
(4,100,0,1,1,1,'2014-12-10 09:24:29','2014-12-10 09:24:29',1,1),
(7,100,0,1,1,1,'2014-12-02 16:19:10','2014-12-02 16:19:10',1,1),
(1,101,0,1,1,1,'2014-09-23 11:08:24','2014-09-23 11:08:24',8,8),
(4,101,0,1,1,1,'2014-12-10 09:24:29','2014-12-10 09:24:29',1,1),
(7,101,0,1,1,1,'2014-12-02 16:19:10','2014-12-02 16:19:10',1,1),
(1,102,0,1,1,1,'2014-09-23 11:08:24','2014-09-23 11:08:24',8,8),
(4,102,0,1,1,1,'2014-12-10 09:24:29','2014-12-10 09:24:29',1,1),
(7,102,0,1,1,1,'2014-12-02 16:19:10','2014-12-02 16:19:10',1,1),
(4,104,0,1,1,1,'2014-12-10 09:23:30','2014-12-10 09:23:30',1,1),
(7,104,0,1,1,1,'2014-12-02 16:19:10','2014-12-02 16:19:10',1,1),
(9,104,0,1,1,0,'2014-12-04 11:11:32','2014-12-04 11:11:32',1,1),
(11,104,0,1,1,1,'2014-12-04 14:43:30','2014-12-04 14:43:30',1,1),
(4,105,0,1,1,1,'2014-12-10 09:23:30','2014-12-10 09:23:30',1,1),
(7,105,0,1,1,1,'2014-12-02 16:19:10','2014-12-02 16:19:10',1,1),
(9,105,0,1,1,0,'2014-12-04 11:11:32','2014-12-04 11:11:32',1,1),
(11,105,0,1,1,1,'2014-12-04 14:43:30','2014-12-04 14:43:30',1,1),
(4,107,0,1,1,1,'2014-12-10 09:24:29','2014-12-10 09:24:29',1,1),
(7,107,0,1,1,1,'2014-12-02 16:19:10','2014-12-02 16:19:10',1,1),
(9,107,0,1,1,0,'2014-12-05 09:54:49','2014-12-05 09:54:49',1,1),
(11,107,0,1,1,1,'2014-12-04 14:42:55','2014-12-04 14:42:55',1,1),
(12,107,0,1,1,1,'2014-12-04 14:57:09','2014-12-04 14:57:09',1,1),
(1,108,0,1,1,1,'2014-09-23 10:49:19','2014-09-23 10:49:19',8,8),
(4,108,0,1,1,1,'2014-12-10 09:24:29','2014-12-10 09:24:29',1,1),
(7,108,0,1,1,1,'2014-12-02 16:19:10','2014-12-02 16:19:10',1,1),
(8,108,0,1,1,1,'2014-12-04 11:00:12','2014-12-04 11:00:12',1,1),
(11,108,0,1,1,1,'2014-12-04 14:42:55','2014-12-04 14:42:55',1,1),
(1,109,0,1,1,1,'2014-09-23 11:08:24','2014-09-23 11:08:24',8,8),
(4,109,0,1,1,1,'2014-12-10 09:24:29','2014-12-10 09:24:29',1,1),
(7,109,0,1,1,1,'2014-12-02 16:19:10','2014-12-02 16:19:10',1,1),
(11,109,0,1,1,1,'2014-12-04 14:42:55','2014-12-04 14:42:55',1,1),
(1,110,0,1,1,1,'2014-09-23 11:09:07','2014-09-23 11:09:07',8,8),
(2,110,0,1,1,1,'2014-12-04 09:32:28','2014-12-04 09:32:28',1,1),
(7,110,0,1,1,1,'2014-12-02 16:19:10','2014-12-02 16:19:10',1,1),
(11,110,0,1,1,1,'2014-12-04 14:42:55','2014-12-04 14:42:55',1,1),
(1,111,0,1,1,1,'2014-09-23 10:49:19','2014-09-23 10:49:19',8,8),
(4,111,0,1,1,1,'2014-12-10 09:24:29','2014-12-10 09:24:29',1,1),
(7,111,0,1,1,1,'2014-12-02 16:19:10','2014-12-02 16:19:10',1,1),
(8,111,0,1,1,1,'2014-12-04 11:00:12','2014-12-04 11:00:12',1,1),
(4,112,0,1,1,1,'2014-12-10 09:24:29','2014-12-10 09:24:29',1,1),
(7,112,0,1,1,1,'2014-12-02 16:19:10','2014-12-02 16:19:10',1,1),
(4,113,0,1,1,1,'2014-12-10 09:24:29','2014-12-10 09:24:29',1,1),
(7,113,0,1,1,1,'2014-12-02 16:19:10','2014-12-02 16:19:10',1,1),
(8,113,0,1,1,1,'2014-12-04 11:00:12','2014-12-04 11:00:12',1,1),
(4,114,0,1,1,1,'2014-12-10 09:23:30','2014-12-10 09:23:30',1,1),
(7,114,0,1,1,1,'2014-12-02 16:19:10','2014-12-02 16:19:10',1,1),
(10,114,0,1,1,1,'2014-12-04 14:29:40','2014-12-04 14:29:40',1,1),
(12,114,0,1,1,1,'2014-12-04 14:56:52','2014-12-04 14:56:52',1,1),
(13,114,0,1,1,1,'2014-12-04 15:20:16','2014-12-04 15:20:16',1,1),
(14,114,0,1,1,1,'2014-12-04 15:36:53','2014-12-04 15:36:53',1,1),
(17,115,0,1,1,1,'2015-03-30 12:04:20','2015-03-30 12:04:20',31,31),
(17,116,0,1,1,1,'2015-03-30 12:04:20','2015-03-30 12:04:20',31,31),
(8,143,0,1,1,1,'2017-05-29 14:45:33','2017-05-29 14:45:33',1,1),
(18,143,0,1,1,1,'2017-10-20 10:35:24','2017-10-20 10:35:24',1,1),
(8,144,0,1,1,1,'2017-05-29 14:45:33','2017-05-29 14:45:33',1,1),
(18,144,0,1,1,1,'2017-10-20 10:35:24','2017-10-20 10:35:24',1,1),
(19,158,2,1,1,1,'2018-02-23 11:24:30','2018-02-23 11:24:30',1,1),
(20,158,2,1,1,1,'2018-02-28 15:54:41','2018-02-28 15:54:41',1,1),
(19,159,0,1,1,1,'2018-02-23 11:24:30','2018-02-23 11:24:30',1,1),
(20,159,0,1,1,1,'2018-02-28 15:54:41','2018-02-28 15:54:41',1,1),
(19,160,0,1,1,1,'2018-02-23 11:24:30','2018-02-23 11:24:30',1,1),
(19,161,0,1,1,1,'2018-02-23 11:24:30','2018-02-23 11:24:30',1,1);

/*Table structure for table `core_logs` */

DROP TABLE IF EXISTS `core_logs`;

CREATE TABLE `core_logs` (
  `itemId` bigint(20) NOT NULL AUTO_INCREMENT COMMENT 'Llave',
  `dateCreate` datetime DEFAULT NULL COMMENT 'Fecha de Creación',
  `ip` varchar(255) DEFAULT NULL COMMENT 'Dirección IP del usuario',
  `modulo` varchar(255) DEFAULT NULL COMMENT 'Módulo del cual se realiza el log',
  `submodulo` varchar(255) DEFAULT NULL COMMENT 'Sub Módulo del cual se realiza el log',
  `accion` varchar(255) DEFAULT NULL COMMENT 'Acción que realiza el usuario ',
  `respuesta` varchar(255) DEFAULT NULL COMMENT 'Respuesta que devuelve el core',
  `detalle` longtext COMMENT 'Datos en formato json, de los sucesos que genera el log',
  `usuarioId` int(11) DEFAULT NULL COMMENT 'Identificador del usuario que genera el lob',
  `agent` varchar(255) DEFAULT NULL COMMENT 'Datos de navegador del usuario',
  `usuario` varchar(255) DEFAULT NULL COMMENT 'Nombre de usuario que genera el lob',
  `tabla` varchar(255) DEFAULT NULL COMMENT 'Tabla del sistema que realiza el cambio de datos',
  `idDato` int(11) DEFAULT NULL COMMENT 'Identificador único del dato del cual se realiza la acción',
  PRIMARY KEY (`itemId`),
  KEY `fk_core_logs_core_usuario1_idx` (`usuarioId`)
) ENGINE=MyISAM AUTO_INCREMENT=15 DEFAULT CHARSET=utf8 COMMENT='Almacena los log de sistemas de las transacciones realizadas';

/*Data for the table `core_logs` */

insert  into `core_logs`(`itemId`,`dateCreate`,`ip`,`modulo`,`submodulo`,`accion`,`respuesta`,`detalle`,`usuarioId`,`agent`,`usuario`,`tabla`,`idDato`) values 
(1,'2018-06-07 23:12:17','127.0.0.1','core','login','close','ok','{\"datos\":{\"lastLogout\":\"2018-06-07 23:12:17\",\"session\":\"\"}}',1,'Mozilla/5.0 (Windows NT 10.0; Win64; x64; rv:61.0) Gecko/20100101 Firefox/61.0','admin','core_usuario',1),
(2,'2018-06-07 23:12:22','127.0.0.1','core','login','enter','ok','{\"datos\":{\"lastLogin\":\"2018-06-07 23:12:22\",\"ip\":\"127.0.0.1\",\"session\":\"8cf4f3lsgh5kdudiqfpmfee3u2\"}}',1,'Mozilla/5.0 (Windows NT 10.0; Win64; x64; rv:61.0) Gecko/20100101 Firefox/61.0','admin','core_usuario',1),
(3,'2018-06-08 15:31:15','127.0.0.1','core','login','close','ok','{\"datos\":{\"lastLogout\":\"2018-06-08 15:31:15\",\"session\":\"\"}}',1,'Mozilla/5.0 (Windows NT 10.0; Win64; x64; rv:61.0) Gecko/20100101 Firefox/61.0','admin','core_usuario',1),
(4,'2018-06-08 15:31:33','127.0.0.1','core','login','enter','error','{\"datos\":{\"usuario\":\"admin\",\"password\":\"367ab5d96e06c4e07d4ac436a6d2c408\"}}',0,'Mozilla/5.0 (Windows NT 10.0; Win64; x64; rv:61.0) Gecko/20100101 Firefox/61.0','admin','core_usuario',0),
(5,'2018-06-08 15:31:41','127.0.0.1','core','login','enter','ok','{\"datos\":{\"lastLogin\":\"2018-06-08 15:31:41\",\"ip\":\"127.0.0.1\",\"session\":\"8cf4f3lsgh5kdudiqfpmfee3u2\"}}',1,'Mozilla/5.0 (Windows NT 10.0; Win64; x64; rv:61.0) Gecko/20100101 Firefox/61.0','admin','core_usuario',1),
(6,'2018-06-08 16:16:45','127.0.0.1','core','login','close','ok','{\"datos\":{\"lastLogout\":\"2018-06-08 16:16:45\",\"session\":\"\"}}',1,'Mozilla/5.0 (Windows NT 10.0; Win64; x64; rv:61.0) Gecko/20100101 Firefox/61.0','admin','core_usuario',1),
(7,'2018-06-08 16:16:52','127.0.0.1','core','login','enter','error','{\"datos\":{\"usuario\":\"admin\",\"password\":\"367ab5d96e06c4e07d4ac436a6d2c408\"}}',0,'Mozilla/5.0 (Windows NT 10.0; Win64; x64; rv:61.0) Gecko/20100101 Firefox/61.0','admin','core_usuario',0),
(8,'2018-06-08 16:17:00','127.0.0.1','core','login','enter','ok','{\"datos\":{\"lastLogin\":\"2018-06-08 16:17:00\",\"ip\":\"127.0.0.1\",\"session\":\"8cf4f3lsgh5kdudiqfpmfee3u2\"}}',1,'Mozilla/5.0 (Windows NT 10.0; Win64; x64; rv:61.0) Gecko/20100101 Firefox/61.0','admin','core_usuario',1),
(9,'2018-06-08 17:33:36','127.0.0.1','core','login','close','ok','{\"datos\":{\"lastLogout\":\"2018-06-08 17:33:36\",\"session\":\"\"}}',1,'Mozilla/5.0 (Windows NT 10.0; Win64; x64; rv:61.0) Gecko/20100101 Firefox/61.0','admin','core_usuario',1),
(10,'2018-06-08 17:33:46','127.0.0.1','core','login','enter','error','{\"datos\":{\"usuario\":\"admin\",\"password\":\"a7a1a1bbe8faca72d0942fe674804588\"}}',0,'Mozilla/5.0 (Windows NT 10.0; Win64; x64; rv:61.0) Gecko/20100101 Firefox/61.0','admin','core_usuario',0),
(11,'2018-06-08 17:33:51','127.0.0.1','core','login','enter','ok','{\"datos\":{\"lastLogin\":\"2018-06-08 17:33:50\",\"ip\":\"127.0.0.1\",\"session\":\"8cf4f3lsgh5kdudiqfpmfee3u2\"}}',1,'Mozilla/5.0 (Windows NT 10.0; Win64; x64; rv:61.0) Gecko/20100101 Firefox/61.0','admin','core_usuario',1),
(12,'2018-06-08 17:46:00','127.0.0.1','core','login','close','ok','{\"datos\":{\"lastLogout\":\"2018-06-08 17:46:00\",\"session\":\"\"}}',1,'Mozilla/5.0 (Windows NT 10.0; Win64; x64; rv:61.0) Gecko/20100101 Firefox/61.0','admin','core_usuario',1),
(13,'2018-06-08 17:49:37','127.0.0.1','core','login','enter','ok','{\"datos\":{\"lastLogin\":\"2018-06-08 17:49:37\",\"ip\":\"127.0.0.1\",\"session\":\"8cf4f3lsgh5kdudiqfpmfee3u2\"}}',1,'Mozilla/5.0 (Windows NT 10.0; Win64; x64; rv:61.0) Gecko/20100101 Firefox/61.0','admin','core_usuario',1),
(14,'2018-06-08 18:43:22','127.0.0.1','core','login','enter','ok','{\"datos\":{\"lastLogin\":\"2018-06-08 18:43:21\",\"ip\":\"127.0.0.1\",\"session\":\"49u3vu4vu4k3o3j672973phtf0\"}}',1,'Mozilla/5.0 (Windows NT 10.0; Win64; x64; rv:61.0) Gecko/20100101 Firefox/61.0','admin','core_usuario',1);

/*Table structure for table `core_modulo` */

DROP TABLE IF EXISTS `core_modulo`;

CREATE TABLE `core_modulo` (
  `itemId` int(11) NOT NULL AUTO_INCREMENT COMMENT 'Llave',
  `titulo` varchar(255) DEFAULT NULL COMMENT 'Titulo del Módulo, este título es el que se muestra en la interfaz web',
  `descripcion` varchar(255) DEFAULT NULL COMMENT 'Descripción del Módulo',
  `carpeta` varchar(255) DEFAULT NULL COMMENT 'Nombre del módulo, tiene que ser el mismo nombre de la carpeta en el framework',
  `activo` tinyint(4) NOT NULL DEFAULT '1' COMMENT '1: Activo; 0: No Activo',
  `orden` tinyint(4) NOT NULL DEFAULT '0' COMMENT 'Numero de orden para mostrar en el menu',
  `mobile` tinyint(4) NOT NULL DEFAULT '0' COMMENT 'acceso mobile',
  `normal` tinyint(4) NOT NULL DEFAULT '0' COMMENT 'acceso normal',
  `snir` tinyint(4) DEFAULT '0' COMMENT 'snir menu',
  PRIMARY KEY (`itemId`)
) ENGINE=InnoDB AUTO_INCREMENT=13 DEFAULT CHARSET=utf8 COMMENT='Datos de módulos de sistema';

/*Data for the table `core_modulo` */

insert  into `core_modulo`(`itemId`,`titulo`,`descripcion`,`carpeta`,`activo`,`orden`,`mobile`,`normal`,`snir`) values 
(1,'Configuraci&oacute;n',NULL,'config',1,5,0,1,1),
(2,'Herramientas',NULL,'externo',1,4,0,1,1),
(3,'Proyectos MMAyA',NULL,'estudio',1,2,0,1,1),
(4,'Informaci&oacute;n Sectorial',NULL,'proyecto',1,1,0,1,1),
(5,'Monitoreo Sectorial',NULL,'monitoreo',1,3,0,1,0),
(6,'Eventos',NULL,'evento',1,6,0,1,0),
(7,'Personal',NULL,'despacho',1,7,0,0,0),
(8,'vrhr',NULL,'vrhr',1,8,0,1,0),
(9,'rrhh',NULL,'rrhh',1,9,0,0,0),
(10,'Vapsb',NULL,'vapsb',1,10,0,0,0),
(11,'Sistema','Tenemos todo las funcionalidades para la configuración de datos globales','sistema',1,11,0,0,0),
(12,'POA','Poa','poa',1,12,0,0,0);

/*Table structure for table `core_permisos_fichas_tecnicos` */

DROP TABLE IF EXISTS `core_permisos_fichas_tecnicos`;

CREATE TABLE `core_permisos_fichas_tecnicos` (
  `itemId` int(11) NOT NULL AUTO_INCREMENT COMMENT 'llave',
  `fichaId` int(11) NOT NULL COMMENT 'Ficha ID',
  `moduloId` int(11) DEFAULT NULL COMMENT 'Modulo ID',
  `tecnicoId` int(11) DEFAULT NULL COMMENT 'Tecnico',
  `administradorId` int(11) DEFAULT NULL COMMENT 'administrador I',
  `dateCreate` datetime DEFAULT NULL COMMENT 'fecha de creación',
  `dateUpdate` datetime DEFAULT NULL COMMENT 'Fecha de actualización',
  `userCreate` int(11) DEFAULT NULL COMMENT 'Usuario Creador',
  `userUpdate` int(11) DEFAULT NULL COMMENT 'Usuario Actualizador',
  PRIMARY KEY (`itemId`),
  KEY `moduloId` (`moduloId`),
  KEY `tecnicoId` (`tecnicoId`),
  KEY `administradorId` (`administradorId`),
  CONSTRAINT `FK_administradorId_usuarioTecnico` FOREIGN KEY (`administradorId`) REFERENCES `core_usuario` (`itemId`) ON DELETE NO ACTION ON UPDATE NO ACTION,
  CONSTRAINT `FK_moduloId_catalogoTecnicos` FOREIGN KEY (`moduloId`) REFERENCES `core_catalogo_modulo_tecnicos` (`itemId`) ON DELETE NO ACTION ON UPDATE NO ACTION,
  CONSTRAINT `FK_tecnicoId_usuarioTecnico` FOREIGN KEY (`tecnicoId`) REFERENCES `core_usuario` (`itemId`) ON DELETE NO ACTION ON UPDATE NO ACTION
) ENGINE=InnoDB DEFAULT CHARSET=utf8;

/*Data for the table `core_permisos_fichas_tecnicos` */

/*Table structure for table `core_submodulo` */

DROP TABLE IF EXISTS `core_submodulo`;

CREATE TABLE `core_submodulo` (
  `itemId` int(11) NOT NULL AUTO_INCREMENT COMMENT 'Llave',
  `moduloId` int(11) NOT NULL COMMENT 'Tabla: core_modulo',
  `nombre` varchar(255) DEFAULT NULL COMMENT 'Nombre del SubMódulo',
  `descripcion` varchar(255) DEFAULT NULL COMMENT 'Descripción sobre este SubMódulo',
  `activo` tinyint(1) NOT NULL DEFAULT '1' COMMENT '0: No Activo; 1: Activo',
  `parent` int(11) NOT NULL DEFAULT '0' COMMENT 'Id del padre(recursivo) Si el valor es 0 sera un tipo Titulo',
  `carpeta` varchar(255) DEFAULT NULL COMMENT 'Carpeta del submodulo en el Framework, en esta carpeta se encuentran todos los archivos necesarios para su funcionamiento',
  `orden` int(11) DEFAULT '0' COMMENT 'Orden del menu',
  `tipo` tinyint(1) unsigned DEFAULT '0' COMMENT '0:Submodulo;1:Url',
  `ventana` tinyint(1) unsigned DEFAULT '0' COMMENT 'nueva ventana',
  `mobile` tinyint(1) unsigned DEFAULT '0' COMMENT 'acceso mobile',
  `normal` tinyint(1) unsigned DEFAULT '0' COMMENT 'acceso Normal',
  `snir` tinyint(1) DEFAULT '0' COMMENT 'Menu Snir',
  `class` varchar(50) DEFAULT NULL,
  `principal` tinyint(1) DEFAULT '0',
  PRIMARY KEY (`itemId`),
  KEY `moduloId` (`moduloId`),
  CONSTRAINT `fk_core_submodulo_core_modulo1` FOREIGN KEY (`moduloId`) REFERENCES `core_modulo` (`itemId`) ON DELETE NO ACTION ON UPDATE NO ACTION
) ENGINE=InnoDB AUTO_INCREMENT=229 DEFAULT CHARSET=utf8 COMMENT='Datos de sub módulos de sistema';

/*Data for the table `core_submodulo` */

insert  into `core_submodulo`(`itemId`,`moduloId`,`nombre`,`descripcion`,`activo`,`parent`,`carpeta`,`orden`,`tipo`,`ventana`,`mobile`,`normal`,`snir`,`class`,`principal`) values 
(1,2,'2. SISIN',NULL,1,0,NULL,0,0,0,0,1,1,NULL,0),
(2,2,'2. Seguimiento 06 - Excel',NULL,1,1,'sisins06_excel',0,0,0,0,1,1,NULL,0),
(3,2,'1. Seguimiento 06',NULL,1,1,'sisins06',0,0,0,0,1,1,NULL,0),
(4,2,'2. Excel',NULL,1,15,'fps_excel',0,0,0,0,1,1,NULL,0),
(6,3,'1. PreInversión',NULL,1,0,NULL,0,0,0,0,1,1,NULL,0),
(7,3,'1. FIV - Ficha',NULL,1,6,'fiv',0,0,0,0,1,1,NULL,0),
(8,3,'3. Evaluaciones',NULL,1,0,NULL,0,0,0,0,1,1,NULL,0),
(9,1,'1. Usuarios',NULL,1,0,NULL,0,0,0,0,1,1,NULL,0),
(10,1,'2. Perfil de Usuario',NULL,0,9,'perfilUsuario',0,0,0,0,1,0,NULL,0),
(11,1,'1. Adm. Usuarios',NULL,1,9,'listaUsuarios',0,0,0,0,1,1,NULL,0),
(12,3,'2. FIV - Excel',NULL,1,6,'fiv_excel',0,0,0,0,1,1,NULL,0),
(13,3,'5. ExPost - Excel',NULL,1,8,'expost_excel',0,0,0,0,1,1,NULL,0),
(14,3,'3. Contratos - Excel',NULL,1,33,'contrato_excel',0,0,0,0,1,1,NULL,0),
(15,2,'3. FPS',NULL,1,0,'',0,0,0,0,1,1,NULL,0),
(16,2,'1. Proyectos',NULL,1,15,'fps_item',0,0,0,0,1,1,NULL,0),
(17,3,'2. Cartera Proyectos',NULL,1,0,NULL,0,0,0,0,1,1,NULL,0),
(18,3,'5. EI/TESA - Ficha',NULL,1,6,'estudio',0,0,0,0,1,1,NULL,0),
(23,4,'5. Inversión Sectorial Cuencas',NULL,0,0,NULL,0,0,0,0,1,0,NULL,0),
(24,4,'1. Proyecto - Ficha',NULL,1,23,'proyecto',0,0,0,0,1,1,NULL,0),
(28,5,'1. Inversión Sectorial',NULL,1,52,'cuenca_inversion',0,0,0,0,1,0,NULL,0),
(29,5,'4. Indicadores',NULL,1,52,'cuenca_indicador',0,0,0,0,1,0,NULL,0),
(30,3,'6. EI/TESA - Excel',NULL,1,6,'estudio_excel',0,0,0,0,1,1,NULL,0),
(31,3,'2. Contratos - Ficha',NULL,1,33,'contrato',0,0,0,0,1,1,NULL,0),
(32,3,'1. Cartera - Ficha',NULL,1,17,'proyecto',0,0,0,0,1,1,NULL,0),
(33,3,'4. Programas',NULL,1,0,NULL,0,0,0,0,1,1,NULL,0),
(34,3,'4. Línea Base - Ficha',NULL,1,33,'lineabase',0,0,0,0,1,1,NULL,0),
(35,3,'1. Exante - Ficha',NULL,1,8,'exante',0,0,0,0,1,1,NULL,0),
(36,3,'2. Exante - Excel',NULL,1,8,'exante_excel',0,0,0,0,1,1,NULL,0),
(37,3,'4. ExPost - Ficha',NULL,1,8,'expost',0,0,0,0,1,1,NULL,0),
(39,3,'5. Línea Base - Excel',NULL,1,33,'linebase_excel',0,0,0,0,1,1,NULL,0),
(40,4,'2. Proyecto - Excel',NULL,1,23,'proyecto_excel',0,0,0,0,1,1,NULL,0),
(41,4,'3. Reporte General',NULL,1,23,'proyecto_reporte',0,0,0,0,1,1,NULL,0),
(49,5,'Riego','Gerencial',1,0,NULL,0,0,0,0,1,0,NULL,0),
(50,5,'1. Inversión Sectorial',NULL,1,49,'riego_inversion',0,0,0,0,1,0,NULL,0),
(51,5,'2. Indicadores',NULL,1,49,'riego_indicador',0,0,0,0,1,0,NULL,0),
(52,5,'Cuencas',NULL,1,0,NULL,0,0,0,0,1,0,NULL,0),
(53,1,'2. Catalogo',NULL,1,0,NULL,0,0,0,0,1,1,NULL,0),
(55,1,'1. Adm. Catalogo',NULL,1,53,'catalogo',0,0,0,0,1,1,NULL,0),
(56,4,'2. Registro de Sistemas de Riego',NULL,1,0,NULL,0,0,0,0,1,1,NULL,0),
(57,4,'1. Ficha',NULL,1,56,'inventario',0,0,0,0,1,1,NULL,0),
(58,4,'2. Excel',NULL,1,56,'inventario_excel',0,0,0,0,1,1,NULL,0),
(59,4,'3. Reporte Nacional',NULL,1,56,'inventario_nacional',0,0,0,0,1,1,NULL,0),
(60,4,'1. Registro de fuentes de agua',NULL,1,0,NULL,0,0,0,0,1,1,NULL,0),
(61,4,'1. Registro - Ficha',NULL,1,60,'sora',0,0,0,0,1,1,NULL,0),
(62,4,'2. Registro - Excel',NULL,1,60,'sora_excel',0,0,0,0,1,1,NULL,0),
(63,2,'1. Adm. Herramientas',NULL,1,0,NULL,0,0,0,0,1,1,NULL,0),
(64,2,'MYSQL - Trafico por día',NULL,1,63,'http://192.168.5.109/vnstat/index.php?if=ens192&graph=large&style=light&page=h',0,1,0,0,1,1,NULL,0),
(65,2,'Info Riego',NULL,1,63,'http://inforiego.riegobolivia.org/app/inforiego',0,1,0,0,1,1,NULL,0),
(66,3,'1. Entidad - Ficha',NULL,1,33,'entidad',0,0,0,0,1,1,NULL,0),
(67,3,'2. Cartera - Excel',NULL,1,17,'proyecto_excel',0,0,0,0,1,1,NULL,0),
(68,2,'4. FPS - WEB',NULL,1,15,'http://www.fps.gob.bo/',0,1,0,0,1,1,NULL,0),
(69,2,'4. SISIN - WEB',NULL,1,1,'https://sisin.vipfe.gob.bo/',0,1,0,0,1,1,NULL,0),
(70,2,'SIRH - Tráfico por día',NULL,1,63,'https://sys.sirh.gob.bo/reportered/index.php?if=ens32&graph=large&style=light&page=h',0,1,0,0,1,1,NULL,0),
(73,1,'2. Cuenta Usuario',NULL,1,9,'usuario_perfil',0,0,0,0,1,1,NULL,0),
(78,3,'3. Cartera - Reporte',NULL,1,17,'proyecto_reporte',0,0,0,0,1,1,NULL,0),
(79,3,'4. Cartera - Reporte PDF',NULL,0,17,'proyecto_reporteger',0,0,0,0,1,0,NULL,0),
(81,1,'3. Grupo de Usuarios',NULL,1,9,'listaGrupos',0,0,0,0,1,1,NULL,0),
(82,2,'Manuales',NULL,0,0,NULL,0,0,0,0,1,0,NULL,0),
(83,2,'Lista de Manuales',NULL,1,82,'manuales',0,0,0,0,1,1,NULL,0),
(85,3,'5. Cartera - Info. Geografica',NULL,1,17,'proyecto_wms',0,0,1,0,1,1,NULL,0),
(86,1,'3. SIG',NULL,1,0,NULL,0,0,0,0,1,1,NULL,0),
(87,1,'Layers WMS',NULL,1,86,'wms_server',0,0,0,0,1,1,NULL,0),
(88,4,'3. Registro - Reporte',NULL,1,60,'sora_reporte',0,0,0,0,1,1,NULL,0),
(89,3,'3. FIV - Reporte',NULL,1,6,'fiv_reporte',0,0,0,0,1,1,NULL,0),
(90,3,'7. EI/TESA - Reporte',NULL,1,6,'estudio_reporte',0,0,0,0,1,1,NULL,0),
(91,3,'4. Contratos - Reporte',NULL,1,33,'contrato_reporte',0,0,0,0,1,1,NULL,0),
(92,3,'3. Exante - Reporte',NULL,1,8,'exante_reporte',0,0,0,0,1,1,NULL,0),
(93,3,'6. ExPost - Reporte',NULL,0,8,'expost_excel',0,0,0,0,1,0,NULL,0),
(95,4,'3. Registro de Presas',NULL,1,0,NULL,0,0,0,0,1,1,NULL,0),
(96,4,'3. Ficha de registro',NULL,1,95,'presas',0,0,0,0,1,1,NULL,0),
(97,4,'10. Excel',NULL,1,95,'presas_excel',0,0,0,0,1,1,NULL,0),
(98,4,'12. Reportes Nacionales',NULL,1,95,'presas_reporte',0,0,0,0,1,1,NULL,0),
(99,4,'4. Inventario de Reuso',NULL,1,0,'',0,0,0,0,1,1,NULL,0),
(100,4,'1. Ficha',NULL,1,99,'reuso',0,0,0,0,1,1,NULL,0),
(101,4,'2. Excel',NULL,1,99,'reuso_excel',0,0,0,0,1,1,NULL,0),
(102,4,'3. Reporte Nacional',NULL,1,99,'reuso_reporte',0,0,0,0,1,1,NULL,0),
(104,3,'4. FIV - Info. Geográfica',NULL,1,6,'fiv_wms',0,0,1,0,1,1,NULL,0),
(105,3,'8. EI/TESA - Info. Geográfica',NULL,1,6,'estudio_wms',0,0,1,0,1,1,NULL,0),
(107,4,'4. Info. Geográfica',NULL,1,56,'inventario_wms',0,0,1,0,1,1,NULL,0),
(108,4,'14. Info. Geográfica',NULL,1,95,'presas_wms',0,0,1,0,1,1,NULL,0),
(109,4,'4. Info. Geográfica',NULL,1,99,'reuso_wms',0,0,1,0,1,1,NULL,0),
(110,4,'4. Registro - Info. Geográfca',NULL,1,60,'sora_wms',0,0,1,0,1,1,NULL,0),
(111,4,'11. Gerencial',NULL,1,95,'presas_reporteger',0,0,0,0,1,1,NULL,0),
(112,4,'5. Gerencial',NULL,1,99,'reuso_reporteger',0,0,0,0,1,1,NULL,0),
(113,4,'13. Reportes Municipales',NULL,1,95,'presas_municipal',0,0,0,0,1,1,NULL,0),
(114,3,'6. Cartera - Alertas',NULL,1,17,'proyecto_alerta',0,0,0,0,1,1,NULL,0),
(115,1,'4. Excel',NULL,1,9,'usuario_excel',0,0,0,0,1,1,NULL,0),
(116,1,'5. Reporte',NULL,1,9,'usuario_reporte',0,0,0,0,1,1,NULL,0),
(119,2,'SIRH - Reporte de Ingreso',NULL,1,63,'https://sys.sirh.gob.bo/awstats/awstats.pl?config=sirh&configdir=/etc/awstats',0,1,0,0,1,1,NULL,0),
(120,2,'3. Seguimiento 60 - Reporte',NULL,1,1,'sisins06_reporte',0,0,0,0,1,1,NULL,0),
(121,3,'3. Cartera - Reporte 2',NULL,1,17,'proyecto_reporte_real',0,0,0,0,1,1,NULL,0),
(122,2,'3. Reporte',NULL,1,15,'fps_reporte',0,0,0,0,1,1,NULL,0),
(123,5,'2. Inversión Sectorial Reporte',NULL,1,52,'cuenca_inversion_reporte',0,0,0,0,1,0,NULL,0),
(124,5,'3. Inversión Sectorial Excel',NULL,1,52,'cuenca_inversion_excel',0,0,0,0,1,0,NULL,0),
(125,5,'1. Ficha',NULL,1,147,'cuenca_monitor',0,0,0,0,0,0,NULL,0),
(126,5,'2. Excel',NULL,1,147,'cuenca_monitor_excel',0,0,0,0,0,0,NULL,0),
(127,5,'3. Reporte',NULL,1,147,'cuenca_monitor_reporte',0,0,0,0,0,0,NULL,0),
(128,5,'4. Info. Geográfica',NULL,1,147,'cuenca_monitor_wms',0,0,1,0,0,0,NULL,0),
(129,6,'Eventos',NULL,1,0,NULL,0,0,0,0,1,0,NULL,0),
(130,6,'Control de asistentes',NULL,1,129,'evento_asistente',0,0,0,0,1,0,NULL,0),
(131,6,'Meriendas',NULL,1,129,'evento_merienda',0,0,0,0,1,0,NULL,0),
(132,6,'Reportes',NULL,1,129,'evento_reporte',0,0,0,0,1,0,NULL,0),
(133,5,'Siasbo',NULL,1,0,NULL,0,0,0,0,0,0,NULL,0),
(134,5,'1. Ficha Técnica',NULL,1,133,'siasbo',0,0,0,0,0,0,NULL,0),
(141,5,'2. Excel',NULL,1,133,'siasbo_excel',0,0,0,0,0,0,NULL,0),
(142,5,'3. Info. Geográfica',NULL,1,133,'siasbo_wms',0,0,1,0,0,0,NULL,0),
(143,4,'1. Inicio','',1,95,'presas&accion=menuInicio',0,0,0,0,1,1,NULL,0),
(144,4,'2. Nuevo Registro',NULL,1,95,'presas&accion=itemUpdate&id=&type=new',0,0,0,0,1,1,NULL,0),
(145,4,'4. Registro de Fichas',NULL,1,95,'presas_registro',0,0,0,0,1,1,NULL,0),
(147,5,'Simca',NULL,1,0,NULL,0,0,0,0,0,0,NULL,0),
(148,4,'6. Adm. Notificaciones',NULL,1,95,'presas_alarma',0,0,0,0,1,1,NULL,0),
(149,4,'7. Historial',NULL,1,95,'presas_historial',0,0,0,0,1,1,NULL,0),
(150,7,'Reportes',NULL,1,0,NULL,0,0,0,0,0,0,NULL,0),
(151,7,'1. Reporte Gerencial',NULL,1,150,'gerencial',0,0,0,0,1,0,NULL,0),
(152,4,'8. Gestión de Usuarios',NULL,1,95,'presas_usuario',0,0,0,0,1,1,NULL,0),
(153,4,'5. Registro Administradores',NULL,1,95,'presas_administrador',0,0,0,0,1,1,NULL,0),
(154,4,'9. Gestión de Fichas',NULL,1,95,'presas_tab',0,0,0,0,1,1,NULL,0),
(155,2,'SIRH - Webmin',NULL,1,63,'https://sys.sirh.gob.bo:10000',0,1,1,0,1,1,NULL,0),
(156,2,'4. Codice',NULL,1,0,NULL,0,0,0,0,0,0,NULL,0),
(157,2,'Codice - Excel',NULL,1,156,'codice_excel',0,0,0,0,1,1,NULL,0),
(158,7,'5. Personal',NULL,1,0,NULL,0,0,0,0,0,0,NULL,0),
(159,7,'Ficha',NULL,1,158,'personal',0,0,0,0,0,0,NULL,0),
(160,7,'Excel',NULL,1,158,'personal_excel',0,0,0,0,0,0,NULL,0),
(161,7,'Reportes',NULL,1,158,'personal_reporte',0,0,0,0,0,0,NULL,0),
(162,8,'1. Cartera Proyectos',NULL,1,0,NULL,0,0,0,0,1,1,NULL,0),
(163,8,'1. Cartera - Ficha',NULL,1,162,'proyecto',0,0,0,0,0,0,NULL,0),
(164,8,'3. Nacional 1. Inversión Programas',NULL,0,162,'https://bi.sirh.gob.bo/pentaho/api/repos/%3Apublic%3Avrhr%3Ariego%3Areporte_nacional_01_inverision_programas.prpt/viewer?userid=sirh&password=sirh',0,1,0,0,1,1,NULL,0),
(165,8,'2. SIMCA',NULL,1,0,NULL,0,0,0,0,0,0,NULL,0),
(166,8,'2. Simca - Mapa',NULL,1,165,'simca_wms',0,0,0,0,0,0,NULL,0),
(167,8,'2. Reportes Dinámicos',NULL,1,162,'proyecto_reporte',0,0,0,0,0,0,NULL,0),
(168,8,'4. Nacional - Impacto Programas',NULL,0,162,'https://bi.sirh.gob.bo/pentaho/api/repos/%3Asirh%3Avrhr%3Ariego%3Areporte_nacional_02_impacto_programas.prpt/viewer?userid=sirh&password=sirh',0,1,0,0,0,0,NULL,0),
(169,8,'5. Nacional 3. Estado Proyecto Programas',NULL,0,162,'https://bi.sirh.gob.bo/pentaho/api/repos/%3Asirh%3Avrhr%3Ariego%3Areporte_nacional_03_estado_programas.prpt/viewer?userid=sirh&password=sirh',0,1,0,0,0,0,NULL,0),
(170,8,'6. Nacional 4. Fuente Financiamiento',NULL,0,162,'https://bi.sirh.gob.bo/pentaho/api/repos/%3Asirh%3Avrhr%3Ariego%3Areporte_nacional_04_inv_fuente_financiamiento_programas.prpt/viewer?userid=sirh&password=sirh',0,1,0,0,0,0,NULL,0),
(171,8,'7. Nacional 5. Detalle Proyectos',NULL,0,162,'https://bi.sirh.gob.bo/pentaho/api/repos/%3Asirh%3Avrhr%3Ariego%3Areporte_nacional_05_detalle_proyectos_municipio_programa.prpt/viewer?userid=sirh&password=sirh',0,1,0,0,0,0,NULL,0),
(172,8,'1. Simca - Ficha',NULL,1,165,'simca',0,0,0,0,0,0,NULL,0),
(173,8,'3. Reportes - Pentaho',NULL,1,162,'proyecto_pentaho',0,0,0,0,0,0,NULL,0),
(174,9,'Dashboard','Sistemas de Recursos Humanos',1,0,NULL,0,0,0,0,0,0,NULL,1),
(175,9,'Dashboard','Menu Principal',1,174,'core',0,0,1,0,0,0,NULL,0),
(176,9,'Estructura Organizacional','Establece la jerarquía, autoridad, cadena de mando de la institución.',1,0,NULL,1,0,0,0,0,0,'fa fa-wpforms',0),
(177,9,'Escala Salarial','Escala Salarial',1,176,'escala_salarial',0,0,0,0,0,0,'fa fa-wpforms',0),
(178,9,'Planilla Presupuestaria','Planilla Presupuestaria',1,176,'planilla_presupuestaria',0,0,0,0,0,0,'fa fa-barcode',0),
(179,9,'Organigrama','Organigrama',1,176,'organigrama',0,0,0,0,0,0,'fa fa-group',0),
(180,9,'Dotación de Personal','Módulo que provee de personal calificado a la institución.',1,0,NULL,2,0,0,0,0,0,'fa fa-wpforms',0),
(181,11,'0. Configuraciones','Configuraciones de Diversos Catálogos',1,0,NULL,0,0,0,0,0,0,NULL,0),
(182,11,'Dashboard','Dashboard',1,181,'core',0,0,1,0,0,0,NULL,0),
(183,11,'1. Catalogos','Catalogos',1,0,NULL,0,0,0,0,0,0,NULL,0),
(185,11,'Entidades','Entidades',1,183,'entidades',0,0,0,0,0,0,NULL,0),
(186,9,'Reclutamiento','Define los procesos de inclusión de personal a la institución.',1,0,NULL,3,0,0,0,0,0,'fa fa-user-plus',0),
(187,9,'Selección de Personal','Se encarga de elegir a los empleados ideales para uno o varios puestos de trabajo',1,0,NULL,4,0,0,0,0,0,'fa fa-group',0),
(188,9,'Remuneraciones','Realiza los pagos de la institución',1,0,NULL,5,0,0,0,0,0,'fa fa-money',0),
(189,9,'Registro de Personal','Modulo encargado del almacenamiento de datos personales de los empleados.',1,0,NULL,6,0,0,0,0,0,'fa fa-pencil-square-o',0),
(190,9,'Control de Personal','Establece procesos para el seguimiento de los registros de empleados',1,0,NULL,7,0,0,0,0,0,'fa fa-clock-o',0),
(191,9,'Evaluación de Despempeño','Cuantifica las cualidades de los empleados',1,0,NULL,8,0,0,0,0,0,'fa fa-heartbeat',0),
(192,9,'Capacitación Productiva','Eleva la capacidad de producción de los empleados mediante su capacitación.',1,0,NULL,9,0,0,0,0,0,'fa fa-book',0),
(193,9,'Empadronamiento','Registro de todos los empleados de la institución.',1,0,NULL,10,0,0,0,0,0,'fa fa-address-book-o',0),
(194,9,'Oficina Virtual','Ambiente virtual en el que se podrá realizar la gestión de consultas a los diferentes sistemas del MMAyA.',1,0,NULL,11,0,0,0,0,0,'fa fa-laptop',0),
(195,9,'Demanda de Personal','Demanda de Personal',1,180,'demanda_personal',0,0,0,0,0,0,'fa fa-child',0),
(196,9,'Impresión de Formularios','Impresión de Formularios',1,180,'impresion_formularios',0,0,0,0,0,0,'fa fa-print',0),
(197,9,'Seguimiento al Trámite','Seguimiento al Trámite',1,180,'seguimiento_tramite',0,0,0,0,0,0,'fa fa-gears',0),
(198,9,'Lista de Candidatos','Lista de Candidatos',1,186,'lista_candidatos',0,0,0,0,0,0,'fa fa-sort-alpha-asc',0),
(199,9,'Reportes','Reportes',1,186,'reportes',0,0,0,0,0,0,'fa fa-calendar-check-o',0),
(200,9,'Convocatorias','Convocatorias',1,187,'convocatorias',0,0,0,0,0,0,'fa fa-id-card',0),
(201,9,'Contrataciones','Contrataciones',1,187,'contrataciones',0,0,0,0,0,0,'fa fa-edit',0),
(202,9,'Planilla Salarial','Planilla Salarial',1,188,'planilla_salarial',0,0,0,0,0,0,'fa fa-pencil-square',0),
(203,9,'RC-IVA','RC-IVA',1,188,'rc_iva',0,0,0,0,0,0,'fa fa-registered',0),
(204,9,'Ficha de Personal','Ficha de Personal',1,189,'ficha_personal',0,0,0,0,0,0,'fa fa-address-card-o',0),
(205,9,'Verificación de Documentación','Verificación de Documentación',1,189,'verificacion_documentacion',0,0,0,0,0,0,'fa fa-check',0),
(206,9,'Asistencia y Marcados','Asistencia y Marcados',1,190,'asistencia_marcados',0,0,0,0,0,0,'fa fa-check-square-o',0),
(207,9,'Comisiones','Comisiones',1,190,'comisiones',0,0,0,0,0,0,'fa fa-envelope-o',0),
(208,9,'Licencias','Licencias',1,190,'licencias',0,0,0,0,0,0,'fa fa-newspaper-o',0),
(209,9,'Vacaciones','Vacaciones',1,190,'vacaciones',0,0,0,0,0,0,'fa fa-plane',0),
(210,9,'Horarios Especiales','Horarios Especiales',1,190,'horarios_especiales',0,0,0,0,0,0,'fa fa-calendar',0),
(211,9,'Preguntas de Evaluación','Preguntas de Evaluación',1,191,'preguntas_evaluacion',0,0,0,0,0,0,'fa fa-check',0),
(212,9,'Evaluaciones','Evaluaciones',1,191,'evaluaciones',0,0,0,0,0,0,'fa fa-check-circle',0),
(213,9,'Oferta de Cursos','Oferta de Cursos',1,192,'oferta_cursos',0,0,0,0,0,0,'fa fa-file',0),
(214,9,'Registro de Cursos Tomados','Registro de Cursos Tomados',1,192,'registro_cursos',0,0,0,0,0,0,'fa fa-book',0),
(215,9,'Reportes de Uso','Reportes de Uso',1,194,'reportes_uso',0,0,0,0,0,0,'fa fa-bar-chart',0),
(216,9,'Mensajes Priorizados','Mensajes Priorizados',1,194,'Mensajes_prioriados',0,0,0,0,0,0,'fa fa-envelope',0),
(217,9,'Personas','Personas Empadronadas',1,193,'empadronamiento',0,0,0,0,0,0,'fa fa-address-book',0),
(218,12,'Dashboard','Dashboard',1,0,NULL,0,0,0,0,0,0,NULL,1),
(220,12,'Dashboard','Dashboard',1,218,'core',0,0,1,0,0,0,NULL,0),
(221,12,'Parametricas','Parametricas',1,0,NULL,1,0,0,0,0,0,'fa fa-group',0),
(222,12,'Administración de Formularios','Administración de Formularios',1,0,NULL,2,0,0,0,0,0,'fa fa-group',0),
(223,12,'Seguimientos','Seguimientos',1,0,NULL,3,0,0,0,0,0,'fa fa-group',0),
(224,12,'Reportes','Reportes',1,0,NULL,4,0,0,0,0,0,'fa fa-info-circle',0),
(225,12,'Gestion de Formularios','Gestion de Formularios',1,222,'formularios',1,0,0,0,0,0,'fa fa-newspaper-o',0),
(227,12,'Revisión de Formularios','Revisión de Formularios',1,222,'formulario_flujo',2,0,0,0,0,0,'fa fa-newspaper-o',0),
(228,12,'Generación de Reportes','Generación de Reportes',1,224,'reportes',0,0,0,0,0,0,'fa fa-newspaper-o',0);

/*Table structure for table `core_usuario` */

DROP TABLE IF EXISTS `core_usuario`;

CREATE TABLE `core_usuario` (
  `itemId` int(11) NOT NULL AUTO_INCREMENT COMMENT 'Llave',
  `institucionId` int(11) DEFAULT NULL COMMENT 'Tabla: vrhr_institucion.item',
  `grupoId` int(11) DEFAULT NULL,
  `usuario` varchar(255) DEFAULT NULL COMMENT 'Nombre de usuario',
  `password` varchar(100) NOT NULL COMMENT 'contraseña en MD5',
  `activo` tinyint(1) NOT NULL DEFAULT '1' COMMENT '1: Activo;0: No Activo;',
  `nombre` varchar(255) NOT NULL COMMENT 'Nombre',
  `apellido` varchar(255) DEFAULT NULL COMMENT 'Apellido',
  `descripcion` varchar(255) DEFAULT NULL COMMENT 'Descripcion',
  `telefono` varchar(20) DEFAULT NULL COMMENT 'Numero telefónico',
  `celular` varchar(20) DEFAULT NULL COMMENT 'telefono celular',
  `email` varchar(255) DEFAULT NULL COMMENT 'correo electrónico',
  `direccion` varchar(255) DEFAULT NULL COMMENT 'Dirección del Usuario',
  `portada` tinyint(1) DEFAULT '0' COMMENT '0: No tiene foto de portada;1: Tiene Foto de Portada',
  `ip` varchar(20) DEFAULT NULL COMMENT 'Dirección IP del ultimo acceso',
  `session` varchar(255) DEFAULT NULL COMMENT 'Id de la ultima Sessión',
  `tipoUsuario` tinyint(1) DEFAULT '0' COMMENT '0: root (Acceso a todos los módulos);1: Administrador (Acceso a todos los módulos);2: Usuario Normal (Acceso a modulos configurados); Otros',
  `coordinador` tinyint(1) DEFAULT NULL COMMENT '0:No 1:Si',
  `lastLogin` datetime DEFAULT NULL COMMENT 'Fecha y hora del ultimo acceso',
  `lastLogout` datetime DEFAULT NULL COMMENT 'Fecha y hora del último cierre de sesión',
  `dateCreate` datetime DEFAULT NULL COMMENT 'Fecha y Hora de Creación del Registro',
  `dateUpdate` datetime DEFAULT NULL COMMENT 'Fecha y Hora de Actualización',
  `userCreate` int(11) DEFAULT NULL COMMENT 'Usuario Creador',
  `userUpdate` int(11) DEFAULT NULL COMMENT 'Usuario actualizador',
  PRIMARY KEY (`itemId`),
  UNIQUE KEY `idx_usuario` (`usuario`),
  KEY `entidadId` (`institucionId`),
  KEY `fk_core_usuario_core_grupo1_idx` (`grupoId`),
  CONSTRAINT `fk_core_usuario_core_grupo1` FOREIGN KEY (`grupoId`) REFERENCES `core_grupo` (`itemId`) ON DELETE NO ACTION ON UPDATE NO ACTION,
  CONSTRAINT `fk_core_usuario_item1` FOREIGN KEY (`institucionId`) REFERENCES `vrhr_institucion`.`item` (`itemId`) ON DELETE NO ACTION ON UPDATE NO ACTION
) ENGINE=InnoDB AUTO_INCREMENT=118 DEFAULT CHARSET=utf8 COMMENT='Lista de usuarios de sistema';

/*Data for the table `core_usuario` */

insert  into `core_usuario`(`itemId`,`institucionId`,`grupoId`,`usuario`,`password`,`activo`,`nombre`,`apellido`,`descripcion`,`telefono`,`celular`,`email`,`direccion`,`portada`,`ip`,`session`,`tipoUsuario`,`coordinador`,`lastLogin`,`lastLogout`,`dateCreate`,`dateUpdate`,`userCreate`,`userUpdate`) values 
(1,14,NULL,'admin','102ddaf691e1615d5dacd4c86299bfa4',1,'Henry Alejandro','Taby Zenteno','','71409172','71409172','admin@riegobolivia.org','',1,'127.0.0.1','49u3vu4vu4k3o3j672973phtf0',1,NULL,'2018-06-08 18:43:21','2018-06-08 17:46:00','2018-03-09 08:52:34','2018-06-08 16:06:34',NULL,1);

/*Table structure for table `core_usuario_institucion` */

DROP TABLE IF EXISTS `core_usuario_institucion`;

CREATE TABLE `core_usuario_institucion` (
  `itemId` int(11) NOT NULL AUTO_INCREMENT COMMENT 'llave',
  `dateCreate` datetime DEFAULT NULL COMMENT 'fecha de creación',
  `dateUpdate` datetime DEFAULT NULL COMMENT 'fecha de actualización',
  `userCreate` int(11) DEFAULT NULL COMMENT 'usuario creador',
  `userUpdate` int(11) DEFAULT NULL COMMENT 'usuario actualizador',
  `usuarioId` int(11) DEFAULT NULL COMMENT 'tabla:core_usuario',
  `institucionId` int(11) DEFAULT NULL COMMENT 'tabla:vrhr_institucion.item',
  `activo` tinyint(1) DEFAULT NULL COMMENT '0: No activo; 1:Activo',
  PRIMARY KEY (`itemId`),
  KEY `institucionId` (`institucionId`),
  KEY `usuarioId` (`usuarioId`),
  CONSTRAINT `fk_core_usuario_core_usuario_institucion` FOREIGN KEY (`usuarioId`) REFERENCES `core_usuario` (`itemId`) ON DELETE NO ACTION ON UPDATE NO ACTION,
  CONSTRAINT `fk_vrhr_institucion_item_core_usuario_institucion` FOREIGN KEY (`institucionId`) REFERENCES `vrhr_institucion`.`item` (`itemId`) ON DELETE NO ACTION ON UPDATE NO ACTION
) ENGINE=InnoDB DEFAULT CHARSET=utf8 COMMENT='relación de usuairos con institución';

/*Data for the table `core_usuario_institucion` */

/*Table structure for table `core_usuario_permisos` */

DROP TABLE IF EXISTS `core_usuario_permisos`;

CREATE TABLE `core_usuario_permisos` (
  `usuarioId` int(11) NOT NULL COMMENT 'Tabla: core_usuario',
  `subModuloId` int(11) NOT NULL COMMENT 'Tabla: core_submodulo',
  `tipo` int(11) DEFAULT '0' COMMENT '0: Submodulos;2:Titulos de Submodulos',
  `crear` tinyint(1) DEFAULT '1' COMMENT '1:permitir; 0:no permitir;',
  `editar` tinyint(1) DEFAULT '1' COMMENT '1:permitir; 0:no permitir;',
  `eliminar` tinyint(1) DEFAULT '1' COMMENT '1:permitir; 0:no permitir;',
  `dateCreate` datetime DEFAULT NULL COMMENT 'Fecha de Creación',
  `dateUpdate` datetime DEFAULT NULL COMMENT 'Fecha de Actualización',
  `userCreate` int(11) DEFAULT NULL COMMENT 'Usuario Creador',
  `userUpdate` int(11) DEFAULT NULL COMMENT 'Usuario Actualizador',
  PRIMARY KEY (`subModuloId`,`usuarioId`),
  KEY `fk_core_user_privileges_submodule1_idx` (`subModuloId`),
  KEY `fk_core_usuario_permisos_core_usuario1_idx` (`usuarioId`),
  CONSTRAINT `fk_core_usuario_permisos_core_submodulo1` FOREIGN KEY (`subModuloId`) REFERENCES `core_submodulo` (`itemId`) ON DELETE NO ACTION ON UPDATE NO ACTION,
  CONSTRAINT `fk_core_usuario_permisos_core_usuario1` FOREIGN KEY (`usuarioId`) REFERENCES `core_usuario` (`itemId`) ON DELETE NO ACTION ON UPDATE NO ACTION
) ENGINE=InnoDB DEFAULT CHARSET=utf8 COMMENT='permisos de usuarios';

/*Data for the table `core_usuario_permisos` */

/*!40101 SET SQL_MODE=@OLD_SQL_MODE */;
/*!40014 SET FOREIGN_KEY_CHECKS=@OLD_FOREIGN_KEY_CHECKS */;
/*!40014 SET UNIQUE_CHECKS=@OLD_UNIQUE_CHECKS */;
/*!40111 SET SQL_NOTES=@OLD_SQL_NOTES */;
